{
    "nodes": [],
    "edges": [],
    "transform": {
        "x": -59.10000000000002,
        "y": 46.400000000000006,
        "scale": 1.32
    }
}